,0,1,2,3,4,5,6,7,8,9,10,11,12,13,14,15,16,17,18,19
0,0.18,0.1711378990734433,0.14544993315831833,0.10553086671834208,0.05538593264122084,1.0954274549660185e-17,-0.05518049315749275,-0.10479028252507945,-0.14405597353850577,-0.1692306042085066,-0.17792245576734836,-0.1693007545923635,-0.14416915983350542,-0.10490288489918052,-0.055249505384802965,-3.2905397989984525e-17,0.05545263879047334,0.1056350119359078,0.14554678107010235,0.17118497656461723
1,0.17004574822144536,0.17995716473597018,0.17216222600781322,0.1474446155910207,0.1083110626855567,0.05869753429900698,0.0035358902115863594,-0.051759790489164084,-0.10182842525553018,-0.1418658940049577,-0.1680570602321723,-0.17790851433801258,-0.17046519194266124,-0.14640023672406632,-0.10797076821839763,-0.05883563663764182,-0.003738028253565187,0.05193231924179262,0.10266633418471188,0.1434034640871223
2,0.14122470272520432,0.1688596359494262,0.17983003899452188,0.17305810456788465,0.14925963296485767,0.11088069849219132,0.0618047524896944,0.006914064246530967,-0.04842116899423046,-0.09886645461121663,-0.13961199622446177,-0.16679311505266464,-0.17782038216934942,-0.17160542873384477,-0.14867090892098545,-0.11113265610840858,-0.06254271465262916,-0.007588480476495185,0.048339279021702736,0.09966770254326399
3,0.09670424812001568,0.13909664679965122,0.1676955847188868,0.17966388536637837,0.17385432627308245,0.1509361391073504,0.11331282351346654,0.06481871164986758,0.010274597042324127,-0.045015949496818086,-0.09577043225347931,-0.1371923579531027,-0.16537355826736677,-0.17762012403089666,-0.17269091338422338,-0.15093420752083483,-0.11430386951032685,-0.06623848459700477,-0.011393681184710208,0.044792509788062346
4,0.04142167110958789,0.09392542485108232,0.1371084197678894,0.16660368579942633,0.17949806386424727,0.17460202746641149,0.15255674426078641,0.11572785374198977,0.06788874466194016,0.013775464523490686,-0.041401031004584504,-0.09242988557086756,-0.1345346916210508,-0.1637555032050642,-0.17727278888521775,-0.1736660122743787,-0.15309283729724193,-0.11735881014539185,-0.06981935552568658,-0.015076891766636194
5,-0.018467237995327502,0.03832294951374737,0.091378733618252,0.13527920658656598,0.16558921636113688,0.17934955204996797,0.17534934844639477,0.15420749725654617,0.11824100826070473,0.07113884402983134,0.017525231059423052,-0.03750225091654777,-0.08881115904865658,-0.13163458851146748,-0.1619374497975296,-0.17675479389086765,-0.1744886287170629,-0.15511445547828911,-0.1202563973307664,-0.07315996659592858
6,-0.07620240085623746,-0.021552022734482187,0.03548822495307058,0.08901879834429827,0.13354986175621147,0.16460471329918816,0.17920217055043258,0.17611815541119089,0.15593964598168958,0.12091186723452954,0.07461157268541767,0.021530484942533432,-0.03335165678975151,-0.0849693478997556,-0.1285507380915744,-0.159980468370183,-0.176135374758067,-0.1751912913464625,-0.15691977368966367,-0.12286222674686645
7,-0.12522150135661353,-0.0789781673431337,-0.024412820742297142,0.03280330255620385,0.08671871326048405,0.1318045881781348,0.16356564310022137,0.17900939020457832,0.1768906446836594,0.15774235415477236,0.12371224279920602,0.07824701729801482,0.02570034012396997,-0.029065587541238558,-0.08104862759986434,-0.12544463950112886,-0.15799641265819198,-0.17540251379367522,-0.17570762549155008,-0.15852725464027737
8,-0.15997411401299577,-0.1274207989633874,-0.08161605072206195,-0.027207620895794198,0.030096584362060655,0.08431838271216277,0.12991379369569217,0.1623792707075605,0.17870572887803976,0.17760900788198283,0.15954680289647882,0.12655008370755566,0.08191769787622136,0.02985824989417891,-0.024852609198966355,-0.07720956524647032,-0.12235950355707681,-0.15598931744508132,-0.1746526801255636,-0.17615404627123213
9,-0.17656716825442853,-0.1613696139756999,-0.129585013596073,-0.08427846879156317,-0.030110288082774866,0.02720479904536091,0.08168366445507352,0.1277783274224775,0.16097508208093347,0.17823580866960623,0.1782146880270244,0.16126360001408113,0.12927693196057907,0.08543032171375631,0.03384815230512729,-0.020772112130434867,-0.07350016425961961,-0.11944562969642725,-0.15412126128347006,-0.1739262194502694
10,-0.1732665848590278,-0.17700071007802273,-0.16280434024580903,-0.13183428224522342,-0.0871001388666312,-0.03324580144122857,0.024030575536028623,0.0787544315509015,0.12537449992866767,0.15935022398119555,0.17758168557637838,0.17863453860896433,0.16277042294394925,0.13179485990191386,0.08875594413089714,0.037619350871885254,-0.0169894062735024,-0.07008763394967119,-0.11672704655717395,-0.15236002972517035
11,-0.15068734185863042,-0.17264908814271165,-0.17748482579655978,-0.1643323866192698,-0.13423871007225704,-0.09014298801609744,-0.03664475833655526,0.020589023238094126,0.07558535905814465,0.12276135881356429,0.1575238669404313,0.1767212654339227,0.17886300140798392,0.16410281771568713,0.13408675780010504,0.09175229112814884,0.04103505825813667,-0.013488761832459506,-0.06688018044417615,-0.11415725202303054
12,-0.11162851262280304,-0.14902155942893833,-0.17203688820175456,-0.17801461801066687,-0.1659611184771879,-0.13679380032518412,-0.09336234708398941,-0.040215792645009796,0.01699129299156489,0.07226845885204566,0.12000949318461834,0.1555859704376596,0.1757638619567787,0.17893295613448362,0.16516506948348975,0.13606652876702452,0.09448192469051317,0.04422913300194042,-0.010167311577378851,-0.0637889755701842
13,-0.060657648642471085,-0.10903547434571229,-0.14728724886923183,-0.17139274676898464,-0.17856007521113323,-0.16763788542973607,-0.13940898404710933,-0.0966429951146181,-0.043844072997054104,0.013357856567858498,0.06895934551573354,0.11728433577411834,0.15361175340606872,0.17466227638715137,0.17881157731262287,0.16605497522276658,0.13788016791556948,0.09705144551844891,0.04731306856392451,-0.006877489573012138
14,-0.003482168113059292,-0.05738901247659095,-0.10631050166947703,-0.14544944387703973,-0.17068327700382627,-0.1790685551468651,-0.16929510447484103,-0.14200882971436768,-0.09987851626780923,-0.04736329189798089,0.009871122089684575,0.06574959871495606,0.11457001449856305,0.15160914887413413,0.17352861410339998,0.17862046831944312,0.16683245417452472,0.13959527735846877,0.09959172082910958,0.05045146354322192
15,0.05372271020711871,8.135610306657381e-05,-0.05396159682318025,-0.10344956413723674,-0.14351565032217747,-0.16992218270789283,-0.17955010450111047,-0.17089875814188654,-0.14447765875452773,-0.10291931145047906,-0.050699742432837494,0.006520056141837358,0.06266656206669124,0.11197364453920339,0.1496480698044479,0.17234089457117674,0.1783357082574988,0.16755005998956585,0.14133009926463172,0.10221073611333656
16,0.10493977344211675,0.05712873790434017,0.0037838697053239542,-0.050431719021835686,-0.1005437235316122,-0.14159217539040725,-0.16917342918701894,-0.17997907086922638,-0.17237407548401473,-0.14679127975529135,-0.10579607637902462,-0.05382858004332129,0.003394839602662056,0.059723945375961734,0.10938528761508853,0.14760181285333857,0.17104297536277877,0.1779860591250947,0.16825095852431585,0.14309935628814272
17,0.14489359619187955,0.10773002302654272,0.060594366746050156,0.007491615910516461,-0.046965860219021244,-0.0977343464943197,-0.1397422632988406,-0.1684503896832421,-0.18039632211464746,-0.1737844168925379,-0.14894169729813944,-0.10844043362345261,-0.056774495406312984,0.00032773861042682123,0.056722208285959946,0.1066583366248835,0.14540095046614834,0.16960057239432796,0.17750989879722348,0.16891014214158098
18,0.16948570585478104,0.14665295994286237,0.11046007518276724,0.06394990559374804,0.011042219051641045,-0.04367034464412442,-0.09509787523105934,-0.13806257603567523,-0.16784491283367498,-0.18081059878357444,-0.17508153537010496,-0.15096599994947096,-0.11102331375238714,-0.059746461876254306,-0.0028585363829021077,0.053532785091523205,0.10369532298857084,0.14292696306795594,0.1679290213796831,0.1768951767326514
19,0.17611346388316604,0.1699250620562025,0.1482589068773023,0.11301394077669387,0.06710700480313639,0.014350610414783607,-0.04066104648505839,-0.09273462508338992,-0.13656542389771925,-0.16731919870749926,-0.18125041513368123,-0.17638784498162807,-0.15301002131113142,-0.11367636008545119,-0.06286133824408804,-0.0062774387742167564,0.05001538039339462,0.1003831871817975,0.14016406411447077,0.16603027241983168
20,0.1639268599684384,0.1751473591742545,0.17020138768432236,0.14969468177053402,0.11535321679607213,0.06997510061572777,0.017338396956624178,-0.03793387122916142,-0.09060263238317956,-0.13525952554317608,-0.16692181094091346,-0.18174907725528505,-0.1777286674296533,-0.155112612920131,-0.11646686465631093,-0.06623635677174346,-0.010030092387891945,0.04616725891962087,0.09677126137546516,0.1371418436664478
21,0.13395001372819246,0.1616901383944645,0.17408206415120958,0.17034892391179018,0.1509317480572595,0.11744553313612789,0.07258799058602407,0.02006451958296288,-0.03547350131395147,-0.08868269901463136,-0.1340622428101445,-0.16655245046495148,-0.18223745505798086,-0.17908349976476934,-0.15732748531595328,-0.1194540047592998,-0.06983923893687777,-0.01402875489390392,0.04207442680894108,0.09294304235271622
22,0.08906089418208155,0.13074626509197973,0.15943598613344734,0.17295542116582058,0.17038827083155006,0.1520364582472588,0.11936432785845512,0.07497991525782537,0.022591748513287026,-0.033120428552356446,-0.08677960803591761,-0.1328136435521065,-0.16610499184638564,-0.18269210346536313,-0.18045782762938653,-0.15958387685389525,-0.12252040240105197,-0.07356129072002521,-0.018154232568468476,0.03788514989617667
23,0.03379243653926925,0.08528507055559931,0.1276135395616878,0.1572315663569589,0.17184901992361357,0.17039262832570873,0.15304631971108967,0.12118254554724307,0.07732763321483108,0.025144697478587753,-0.03067687959276992,-0.08474232766197015,-0.1314363908755836,-0.16554127657306994,-0.18302060045802956,-0.18172566246051647,-0.1617857753251085,-0.12556384563322934,-0.07724843729217074,-0.022212499409308674
24,-0.02605328848314299,0.02989566830474595,0.08169087278830597,0.12463599482660437,0.1551272487686854,0.17077695365077133,0.17041524179907186,0.15409948091377085,0.12307799063136882,0.07979920154229322,0.027865471184787383,-0.028056039760762597,-0.08251749566634203,-0.12984033304049086,-0.1647573542209205,-0.18316866286877947,-0.1828500468747131,-0.16383298994322573,-0.1284207416188115,-0.08072913346418012
25,-0.08392800673850284,-0.029618253415770165,0.026257648388371163,0.07828982360296247,0.12179058151179722,0.15312971004974485,0.16980266305974967,0.17053240164197658,0.15527338868400414,0.1251357049265325,0.08245160935273198,0.030791942542607607,-0.025188330366374773,-0.08004291266067562,-0.1280322173584201,-0.16380039569621974,-0.18313490802528068,-0.18374413764892336,-0.16562653242352982,-0.13099794319123653
26,-0.13327220776425147,-0.08681630323027806,-0.03292960149067552,0.022811578706770475,0.07504084114067389,0.11905936764471436,0.15119235285263083,0.16888210611619137,0.17074464670506928,0.15657408114622304,0.1273598393971695,0.0853274369406386,0.03394982439823978,-0.02213654004727035,-0.07743854698997168,-0.1261090708566922,-0.16268496865046264,-0.18290854320911268,-0.18440750958591173,-0.16713576456852863
27,-0.16837064689359676,-0.13527953011163996,-0.0894807467147135,-0.03605652218795612,0.01947777983409503,0.07180240459076759,0.11628640393594092,0.14922871463949672,0.16797209563065302,0.17102437618606744,0.1580208178781885,0.12976097473552164,0.0883425471699093,0.037185095948992025,-0.019052450799798407,-0.07480041570992807,-0.12413912276590858,-0.16149519351867245,-0.18252128217400726,-0.18483940296090362
28,-0.18507472510851303,-0.16939431369369062,-0.13707759703331945,-0.09201386497510378,-0.03918142878006164,0.01604267265480623,0.06843487242337787,0.1133947506301487,0.14719484985121195,0.1670832215838913,0.17138923276386936,0.1595516789598099,0.13220650823339375,0.09135437367618224,0.0403825358659048,-0.016045360089667948,-0.07226028867563838,-0.12220641829246712,-0.16024383239571494,-0.18199956900664083
29,-0.18134448830917288,-0.1851214982020175,-0.17025104705938493,-0.13882252478914833,-0.09460758281379908,-0.04244013087470681,0.01242898632640256,0.06489802960837879,0.11040066064356474,0.1451298851131881,0.16620585393816256,0.17177678586099523,0.16109066448168025,0.13463113239268895,0.09427676401423178,0.04341090293928292,-0.013213088276432111,-0.0698403049586254,-0.12032743507216587,-0.15895932620702896
30,-0.15756378756663886,-0.1805279138163779,-0.18504413069118353,-0.17104191185089554,-0.1405782517679978,-0.09730053082649105,-0.04585443337791474,0.008670125444959459,0.06125515997877698,0.10734798122159003,0.14306080790476466,0.16536306524797026,0.17221287341059022,0.1626307457860107,0.136955931354024,0.0970388430198398,0.04626038482753648,-0.010560617710328443,-0.06754934159117684,-0.11845417402949782
31,-0.11648736464380266,-0.15601492878861384,-0.17952729377665833,-0.18478272286500927,-0.17173688477764368,-0.14233709172386594,-0.10004681616493748,-0.049345374100608366,0.0048444384301678245,0.05760053511936117,0.10435068111838702,0.14110670828375302,0.1646437435673863,0.17270381357911577,0.16415468621246482,0.13920507665778842,0.09965089075537409,0.048934986830146486,-0.008012927577060083,-0.06524618615242644
32,0.0,0.05560607418088097,0.10567556213505536,0.14525077700277914,0.17046037308098286,0.1788968796111169,0.1698280953640272,0.14423145030858572,0.10466279118893938,0.054986356512739185,2.178921659519197e-17,-0.05500914975415254,-0.10474502584584394,-0.1443864341805005,-0.1700404931598835,-0.1791286435288637,-0.17066567349836578,-0.1453941205973402,-0.10574592626171503,-0.05562137058501267
33,-0.05905805660049247,-0.0036081955852499195,0.05216751767336389,0.10272035417611772,0.1430468703806416,0.16921295578712386,0.1787326433392799,0.1707794804688366,0.14622485095442006,0.10751595170590404,0.05841919951748839,0.003660457296237943,-0.05150634596215692,-0.1017721112837208,-0.14225671835504794,-0.16897087021368906,-0.1792166782253122,-0.17188382296765375,-0.14759990470852025,-0.10870644570196304
34,-0.11158326180072838,-0.0623855283361684,-0.007055197785895015,0.048903973307524745,0.09991483417899227,0.1409349760875917,0.1679854200413542,0.17852598751580737,0.17165811775581657,0.14815872312261086,0.11036303671340525,0.06192274213587469,0.007467388887434763,-0.04780525954229681,-0.09858639577401346,-0.1399356653140893,-0.16775166988125204,-0.1791941875259715,-0.1730126239535858,-0.14972712570081476
35,-0.15171263200336033,-0.11426667952103789,-0.06547685054308736,-0.010256264286822366,0.04585837143874366,0.09726384484469033,0.13889765919743935,0.16676177814404844,0.17828475467184896,0.1725079898951979,0.1501109033220312,0.11329992972183055,0.06558767265479648,0.011484591288075198,-0.04388016032464126,-0.09519538312953663,-0.13744589833489904,-0.16640367348194657,-0.1790781762165442,-0.1740523766016927
36,-0.17494601662328496,-0.15351204457973558,-0.11671952574646952,-0.06831894689568929,-0.013235975852272736,0.04296801161189348,0.09468241071981531,0.13685149537436334,0.16548259549433797,0.17798587334362515,0.17333994413573844,0.15210994416272983,0.11634945617646777,0.0694103027960683,0.015672476922462895,-0.03980327327946648,-0.0916964413197405,-0.13490056647191628,-0.16501760050876935,-0.17886941097081638
37,-0.17862713567383176,-0.17573330307775661,-0.1551496201079622,-0.11898796289643118,-0.07099762431676952,-0.01611696823209824,0.04008826042993954,0.092027499051749,0.13467749418742625,0.16406523149216123,0.17758051259031293,0.17412310304617618,0.15412105492384912,0.11945374689910992,0.07329681843276573,0.019893581569716438,-0.03574779261649763,-0.08824638518384298,-0.1323646498725593,-0.16359726492167465
38,-0.16228060447456694,-0.17839066565759013,-0.17646912669659828,-0.1567024637821405,-0.12118448631703148,-0.07366252389787302,-0.019070702762360323,0.03704903740109003,0.089152716246371,0.13226542758474885,0.16243411945223363,0.1770142481770935,0.1748035985068164,0.15606639654210896,0.12248746746132474,0.07707396994729747,0.023979795279315794,-0.03180616803382881,-0.08489780787291706,-0.12996632308596157
39,-0.1277626033244974,-0.16109292433232156,-0.17820430344573304,-0.1772130451927784,-0.15826625444184217,-0.12344102229168559,-0.07646787275936277,-0.02225059494720206,0.03372015322802052,0.08596511050643493,0.1295608839422116,0.16056040970817387,0.17625614786409313,0.17531429032498225,0.15783210632288455,0.12533403543179283,0.08067676900612522,0.02787075914854854,-0.028136468369638012,-0.08183611484772915
40,-0.07903540951499191,-0.12575631986863214,-0.16001394748624856,-0.17807432034685863,-0.17800584382431306,-0.15991786343163994,-0.12585706948736508,-0.0795129190112824,-0.025731401328789358,0.03006801684966101,0.08247276752968985,0.12659193662386897,0.1584566367906273,0.17528690238475525,0.17563486987250085,0.15942781328092448,0.1279713466476172,0.08396304822595207,0.031391730519083665,-0.024786596861641266
41,-0.02170628656121293,-0.07641914570110944,-0.12385719447127705,-0.15897828044581666,-0.17797112591077663,-0.17885411479138147,-0.161686271506214,-0.12845946020080345,-0.08279607785168153,-0.02946905484037142,0.02616931001034993,0.07875767014361029,0.12343224957843732,0.1562082114394202,0.17420929655753156,0.17580871667816,0.16076270912277382,0.13027658626878513,0.08693353895242018,0.034613285215866305
42,0.03763947556891673,-0.018746110797054225,-0.07384624127509856,-0.12194000860076923,-0.1578989661926195,-0.17784356493302256,-0.17972641139263573,-0.16353339817155627,-0.1311818814948952,-0.08622046808493344,-0.03334891787319966,0.02215454147639155,0.07498283824469085,0.12026115823291422,0.15392051970685158,0.17299383122114736,0.17578233404737156,0.1619007099536583,0.13236302294442015,0.08965962393988967
43,0.09229448385058503,0.040634490618604455,-0.015741095030217533,-0.07117265607312592,-0.11989489412798127,-0.15670022926626737,-0.17763116217431668,-0.18055709011878013,-0.16537870309943062,-0.13392639852384797,-0.08965515805480963,-0.03718502346934078,0.018235140493663635,0.07128504980916497,0.11709303967757692,0.15160105092099546,0.17175720947199355,0.17569381127261952,0.16290166720856608,0.13430784889857195
44,0.13624187244806768,0.09497490422130643,0.04374219861759551,-0.012570048687273364,-0.06830831570584878,-0.11766099311411393,-0.15534052146506006,-0.17730157715875178,-0.18130895913518888,-0.16714670806550858,-0.13654581228624985,-0.09291310903920011,-0.04085344152136521,0.014435157731943454,0.06770551260093308,0.11407230229045268,0.1493838642672808,0.1705198817317486,0.17554856071381425,0.16386068490719746
45,0.16483294873958937,0.13825141573304384,0.09778783152110798,0.04703275186720146,-0.009192875069467824,-0.0652469909095997,-0.11526650092267826,-0.15386436625333472,-0.17686877831495798,-0.18192002239359928,-0.16872429228398372,-0.13897086968286343,-0.09599561369705598,-0.044312373456425455,0.010898035174613158,0.06434984408378966,0.11116192180780335,0.14718888765654342,0.16927564671504075,0.17540462943086338
46,0.17524243053102995,0.16585045408140886,0.1403601032421378,0.10074616955288729,0.05048215579888251,-0.005684457538204707,-0.062100543824911786,-0.11281053564117055,-0.15230661025014638,-0.17631789660581282,-0.18240139399672017,-0.17016073855248154,-0.1411841789337509,-0.09878317834998761,-0.04749516540011163,0.007531619345952839,0.06106751779857425,0.108261507745529,0.14497798662559974,0.16799526164042744
47,0.16663489769468776,0.17504657630570003,0.16690073470474734,0.14253365781489893,0.10376506726717608,0.05395496950274962,-0.0021858839452303103,-0.058968455088039745,-0.11036208966092406,-0.15075771648621855,-0.17574982538665046,-0.18276841529782223,-0.17137142531354538,-0.14315499295456097,-0.10139827971828048,-0.05058268336960751,0.004188836702662263,0.05774827955256387,0.10527153816388835,0.1426413049517996
48,0.14014732521664003,0.1651630433242826,0.17480354327753098,0.16792439919874633,0.1446692595328287,0.10672587827574237,0.0573493213475499,0.0012013455694133077,-0.05598745701886193,-0.10805599403424382,-0.14925660067058405,-0.17511157715434178,-0.18301577934391428,-0.1724740154298261,-0.14503916683192758,-0.10396822592901103,-0.05369342972748069,0.0007386534615060683,0.05423986804822009,0.10208389511094104
49,0.09868575971524349,0.13750154971405815,0.16358071452641795,0.17448255614277572,0.16887829324762874,0.14672810643427286,0.10956070807965311,0.06053671920609083,0.004344153792173913,-0.053197630228249,-0.10585560839609187,-0.14781090262739227,-0.17448937958701416,-0.1832251712487833,-0.17351390445520898,-0.14689222134532962,-0.10659247211697913,-0.05697187806834206,-0.0029391214326819418,0.05050396442080646
50,0.046572574292008395,0.0951383735091432,0.13475090459243463,0.1619491262764086,0.17414081917251525,0.16977591242981988,0.1486431448704883,0.11217916735481659,0.06350167165355831,0.0072829779510254905,-0.05060645637543881,-0.10380801000960371,-0.14640937353311395,-0.17381350925098543,-0.18334352958124212,-0.17450161288971314,-0.14879991402041315,-0.10935667826166412,-0.060431463390988795,-0.0068279007518725135
51,-0.010835866295420049,0.04255853388962402,0.09157947622855844,0.13204788775457957,0.16037341451778545,0.17379334747483277,0.17059657753865792,0.1504426145332058,0.11463936302902751,0.06624681206452752,0.010002567312243922,-0.04812936588873648,-0.1017413698326822,-0.14489118670110313,-0.17298761384190942,-0.18336437620283588,-0.17545969914654735,-0.15072473010843296,-0.11220865609531822,-0.06401976722216285
52,-0.06760697070162434,-0.014792538366959769,0.038665674930225546,0.08817138899737095,0.12947879360734973,0.1588994414281517,0.1735115051699171,0.1714163897551912,0.15214070364991222,0.11694400489700658,0.06888610782581558,0.012721060458928964,-0.04554558342986517,-0.09948541379413567,-0.1431655047283823,-0.1719656677543245,-0.18319904401298465,-0.1762966100547096,-0.15261437370249287,-0.11505971825976227
53,-0.11776797910996324,-0.07100242571698084,-0.018528436484340667,0.03500194096514897,0.08499743565827395,0.12714257384832206,0.15760521514673043,0.17330824765978814,0.17224046110996427,0.15383744325365667,0.11928481439007385,0.07162459815614303,0.015616093737513426,-0.04272964766574122,-0.09695069105312146,-0.14111326453624343,-0.17063451814483527,-0.18280687904243664,-0.17697098493745295,-0.154366927646064
54,-0.15587169236033116,-0.12021200357881556,-0.07412855565935553,-0.021966477228144862,0.03166053764904245,0.08211986318433434,0.12503349005026831,0.1564789225420341,0.17324066436223295,0.17317835849410945,0.15565071009953804,0.12177786135073368,0.07455844310600206,0.018772518343698846,-0.039563912431428844,-0.09403319510872515,-0.13871957514064476,-0.16902030463190926,-0.18216010987995152,-0.1774070389482554
55,-0.17757740780245923,-0.1571165597304649,-0.12236149576217834,-0.07692548655472119,-0.025078320170850828,0.028604104221280735,0.07949962953489575,0.12315500946232477,0.15552566324852013,0.17330016011604965,0.17424106471751674,0.15760310465268554,0.12445893339618071,0.07777210247974525,0.02226243733700652,-0.036073923752582476,-0.09082133712121745,-0.1360481902025084,-0.16713172749360466,-0.18125673798566697
56,-0.18015186942661637,-0.1775227322798501,-0.1580861899448873,-0.1242299635855451,-0.07945798476754962,-0.027930246355818002,0.025790293822163204,0.07705424045247264,0.12137785522513672,0.15464417708536138,0.1734259683655093,0.175399622862515,0.15972890437667298,0.12736327041574425,0.08120256873593833,0.025953939573803805,-0.03238716688495634,-0.0874045612429625,-0.13318568109616236,-0.16505671204117148
57,-0.16287899662901667,-0.178883787566266,-0.1772828473838979,-0.15885746960874264,-0.12589083032715603,-0.0817898490333595,-0.030653068196294236,0.02301801007874857,0.07460468584487276,0.11957781576205573,0.15375441368117201,0.1736083153054732,0.1766629100801005,0.16195258488746822,0.13034862921678825,0.08470924784752068,0.029722603821230806,-0.028641212471085822,-0.0839467377964799,-0.13025412131874511
58,-0.12732429068668044,-0.16064418466838165,-0.17752251922138365,-0.1769012399147507,-0.15948366569122852,-0.12747080381347137,-0.08412474027725457,-0.03344011133012295,0.020143586656124104,0.07205131367661208,0.11772300835953467,0.15285522108583668,0.17378852770910236,0.1779212683198576,0.16417196170648696,0.13332210065696504,0.08816097456868945,0.03338858976838808,-0.0249901884794769,-0.08054413060669005
59,-0.07724419790107323,-0.12442544847383957,-0.15835296513583744,-0.1760694396852865,-0.17645462433769582,-0.16010667440120208,-0.12910289253533747,-0.08657264862707627,-0.03637667955332008,0.017139924133026355,0.06939889964045445,0.11578519058381695,0.1518983729824001,0.1739406888797823,0.17916358218557532,0.16632662755235528,0.13614454530652864,0.09142585553304106,0.03686893412713153,-0.02149948288944832
60,-0.018162771428251887,-0.07399571383355785,-0.12149425178651982,-0.15601039798239041,-0.17455807548379004,-0.17596424328028631,-0.16075377183170514,-0.13082919537631182,-0.0891402576007774,-0.039442407217266426,0.014006772912824345,0.06665742076562445,0.11382118611519704,0.15096737245352582,0.17410928417179522,0.18033834848434377,0.16834491477135555,0.13878054248143612,0.09445879263470988,0.0401289143667929
61,0.0432503332877927,-0.014879473471191035,-0.07073146771010175,-0.11846518651025856,-0.15350822268326803,-0.17290763500118078,-0.17541661267816372,-0.16140766535359347,-0.13261586197703504,-0.09181452631443164,-0.0425989284991191,0.010853786011038008,0.06397828401035621,0.11196297511661807,0.15010996817017674,0.17429954854041557,0.18147310722264348,0.17021749071071768,0.14120259566133866,0.09728749268234872
62,0.10000181205190894,0.046321392917050376,-0.01152350910326369,-0.0672512544582326,-0.11517074757915674,-0.15077637872031346,-0.17108710076741857,-0.17477962910443412,-0.16205945658163343,-0.13443499443559226,-0.09448873035402715,-0.04568173869741275,0.007845986715412923,0.06147038707306504,0.11027965559048208,0.14940477261842638,0.17454362848494875,0.18254330864027168,0.17197009925572362,0.14348896569798625
63,0.14568522777102927,0.10271872017078332,0.049556172326046664,-0.007894460532378883,-0.0634640368489722,-0.11157903176219741,-0.14779798183370652,-0.16911266211030784,-0.17406542487345564,-0.16265810533081426,-0.13617461080655124,-0.09703124737431883,-0.04858612416038881,0.005070827456984187,0.05923225952429398,0.10882432121792818,0.14883379886073356,0.17484427994729979,0.18360215775156638,0.17363320563440737
64,0.23036319169175784,0.23039588088152319,0.23049040665976292,0.2306365618569377,0.23081866503472537,0.23101734918357195,0.23121170090053184,0.23138148203679076,0.23150919052549576,0.23158177053171036,0.23159184385893827,0.23153838888526798,0.2314268335992784,0.23126855857540482,0.2310798332987847,0.23088024536934276,0.23069073226931017,0.2305313861523079,0.23041926028388715,0.23036644166100562
65,0.23028830665538902,0.22990447265058722,0.22962122886079808,0.2294745363792418,0.22947936632488455,0.22963399466618808,0.2299206883833107,0.230308185137957,0.23075545194304217,0.2312161381561967,0.2316432022598474,0.23199332610558734,0.23223086218223427,0.23233113634080108,0.2322829336606025,0.23208995106567643,0.2317709586649969,0.231358434142277,0.23089556598925148,0.23042877932218767
66,0.23011518138200526,0.22944762975310146,0.2288448256862421,0.22843353567634161,0.2282714667114819,0.22837722487766438,0.22873803112899316,0.22931412883219482,0.23004425003254353,0.23085249282253006,0.2316560314132163,0.23237302382766412,0.23293021817085474,0.23326985544826329,0.23335546648933353,0.23317614636520118,0.232749105695767,0.23212101925954648,0.2313700907148975,0.2306155902379351
67,0.22987152188439797,0.22902954987787116,0.22821492247098052,0.22760364613162593,0.22730407505884587,0.22736077686992306,0.2277693941496787,0.22848584811251327,0.22943423248952002,0.23051578274439868,0.23161912523524114,0.2326311959806323,0.2334480857715716,0.23398509564694675,0.23418538717227674,0.2340270574035342,0.23352918752479868,0.23275678886419587,0.23182220449406335,0.230889232277481
68,0.22970255751747054,0.22867309933273558,0.22775988259051563,0.22704485733148966,0.226657394798389,0.22667119020034918,0.2270965222135298,0.22789117426205113,0.2289720110797836,0.2302263741424655,0.2315243783517019,0.2327321255825452,0.23372502900559675,0.23440025432245767,0.23468793380495717,0.2345618157961895,0.234048141073179,0.23322513546567386,0.2322071410312866,0.23110388789284797
69,0.22970214383449647,0.22845351920572748,0.22750085766471573,0.22678093932967403,0.22637190894897657,0.2263579837385976,0.22676845482052935,0.22757166665438217,0.22868661267368884,0.22999729443592543,0.2313672569361527,0.2326543901837242,0.2337255417953008,0.23447057107816943,0.23481670000961002,0.23474180610394396,0.23427637200220996,0.2334857255653935,0.23244576612276818,0.23116319032594596
70,0.22982336755828547,0.2284614363084228,0.22747784071734423,0.22681077380891684,0.22644391298210909,0.22642650021683985,0.22679590180256132,0.227538160013124,0.22858595851335828,0.22983223683021337,0.2311469899108654,0.23239328706208903,0.23344229874306674,0.23418933471212994,0.2345707266517589,0.2345699547526059,0.23420066983526494,0.2334890573927936,0.23246373025202094,0.23110435900087734
71,0.22995916872200015,0.2287234394631789,0.22773947516165027,0.2271303450520636,0.22683594993910847,0.22683673809281926,0.2271481606508699,0.2277691991430566,0.22865629444435287,0.2297254139905382,0.23086679253900164,0.2319613783298881,0.23289763946281497,0.23359042469941615,0.23399133791383797,0.2340733788373543,0.23381222047315414,0.23320227972297702,0.23224550785513298,0.23102914820614628
72,0.2300707145357015,0.22917370602957815,0.22829647703821748,0.22773604892922597,0.22749806656016852,0.22751501960792775,0.22775536687370293,0.22821152512491272,0.22886393601033,0.2296635204411575,0.2305342791061837,0.2313874372428449,0.23214246019289025,0.2327427647574436,0.23314330332265282,0.2332860429198568,0.2331227313322406,0.23264152520891643,0.2318527249922604,0.2309844381078621
73,0.23021789873084936,0.22970474813692798,0.22908799428345028,0.2286009794524802,0.22837878339590761,0.22837555260363784,0.2285216968744176,0.22878516697011891,0.2291581291232218,0.22962786581286757,0.23016173388487404,0.23071524084367243,0.2312505473131249,0.2317311036986161,0.23209193576389314,0.2322558531957296,0.23218892301633995,0.2318793611233308,0.23138938519544472,0.2309269845498795
74,0.23046948028561431,0.23024854345089327,0.22999215541532975,0.22965018224713707,0.22941666927339668,0.22933606638217405,0.2293472634138316,0.22939764454309222,0.22947629951849996,0.22959480948159305,0.22976583801277076,0.23000110763375622,0.23030313172045164,0.23063064151151003,0.23090160423779144,0.23106600420950182,0.23111133523521996,0.23103064546148472,0.23093490401359398,0.2308033535558514
75,0.2308033077332552,0.2308087010039852,0.23087828763314294,0.2307573942999323,0.2305262203099009,0.23031957512922205,0.2301465040646077,0.2299642752321027,0.22975431131801508,0.22953740794987285,0.22936633058219547,0.22930321474377097,0.22936551065832922,0.2295001760037274,0.22965661509164223,0.22983343776662135,0.23001397470174362,0.23021951618701314,0.23050675175779042,0.23064396307133211
76,0.23112331185592877,0.23140225471339929,0.23166829265302513,0.23177305077944862,0.2315914697652156,0.23124940818633125,0.23085563777522872,0.230423446725262,0.22994036101751225,0.22943321747556084,0.22898116947222774,0.22865983241350948,0.2284750512609015,0.22840337217119835,0.22846820233059875,0.22868176201828866,0.22902437441173826,0.2295318349833419,0.23010091516764278,0.23054630569655046
77,0.23136903855485563,0.23198117419865463,0.2323462997333761,0.2325799995431183,0.2324785364520271,0.23204329134123916,0.23143054740979185,0.23074154365058985,0.2300076059088611,0.22927399026485706,0.22861579597844922,0.22807414089186595,0.22765791772800065,0.22742574196974347,0.22744841279708708,0.22772078035512072,0.22824571088385806,0.22899558945659237,0.22975793433630914,0.23056701505321905
78,0.23156765308842955,0.23244151723068035,0.2329016185825472,0.23313475845378545,0.23307765636275202,0.23261328761578987,0.231835569035168,0.2309114440281041,0.22996134375471594,0.2290645782358436,0.2282545359697183,0.22753100851136945,0.22695571580259705,0.22665422314996525,0.22668103871915454,0.2270360216998505,0.2277260369726369,0.22861672764833477,0.22955718358500077,0.23066694369587806
79,0.23176745448743005,0.23270872300639042,0.2332802871273868,0.23344930114229367,0.23335090750062149,0.23288667563577142,0.23203165904132106,0.23094464138707205,0.22983347628289358,0.2288112615038595,0.22787401095891824,0.227036569515709,0.2264228748104712,0.22614116825115455,0.22621424401493434,0.22666879139011628,0.22746053504899671,0.22841993211537942,0.22954293946582094,0.23077120509048463
80,0.23195124437007064,0.2327892001580289,0.2334098923038851,0.23353799202693473,0.2333352500738501,0.2328427717601203,0.2319866095033032,0.23085479709610687,0.22965700884073287,0.22852015759705185,0.22748189873297683,0.2266348478332824,0.22609520338296266,0.2258954987905234,0.22605765719976492,0.22660183526830185,0.22742589550854586,0.22843614035144408,0.22967729064852488,0.23085326196531636
81,0.23203670824448008,0.23273406323563367,0.23326551498215853,0.23339320327232965,0.23309558853075174,0.23253039137054027,0.2317080669551781,0.2306438642363646,0.22943772610398583,0.2282157149761683,0.22714302781012558,0.22638218119150244,0.22597337184091743,0.2258966092717537,0.2261745302460183,0.22677587462954868,0.22759955509490426,0.228654907917601,0.22987116005292496,0.23094018908354141
82,0.23195761691364378,0.23256624968350542,0.23290141999029126,0.23300826023066118,0.23267953638528802,0.2320457738764321,0.2312592932915019,0.23030860489981114,0.22916265814604433,0.22795429294870379,0.22695150097981445,0.22631635574846753,0.2260399406705855,0.22610259447850434,0.22648956135794432,0.22711854543442983,0.22794508165909938,0.22899807128938893,0.23005313455193582,0.23104155214507544
83,0.23172735989105114,0.23225729566660863,0.23241171575024439,0.2324175429277247,0.23211439183387578,0.231487687388315,0.2307318900564918,0.2298695773053373,0.22884858506496844,0.22780507400818897,0.2269692698436534,0.2264521749313439,0.2262800178103907,0.22645724825305097,0.22691510917340196,0.22755657892224268,0.22838858662261372,0.22934417493385417,0.23019993603375352,0.23109362389871535
84,0.23140555996754486,0.2317813787567467,0.2318552196569201,0.23171160437628885,0.23143919527695933,0.23091726549239733,0.2302059345698576,0.22940209241413465,0.22857266766323375,0.22781314390937063,0.22719570576374587,0.22678658253179335,0.22668159533565244,0.22690763020655152,0.22737475503547946,0.22801425105327827,0.22881323762400166,0.22958732472880175,0.23029417193101195,0.23099631965675324
85,0.23101112755539965,0.23117327347426483,0.23122931902251115,0.23100027210751867,0.23073139945570525,0.23035225428935274,0.22973868441829115,0.22903423117588584,0.22844268009040525,0.22798579687225018,0.22758993370412167,0.2272952156264245,0.22722413213035714,0.22741492423157933,0.22781658209652905,0.2284109670222581,0.22909019774156644,0.22967294461255405,0.2302677031385406,0.23070179281970282
86,0.2304973670967044,0.2305062463212814,0.2305259713503215,0.2303498382827567,0.23008793728571889,0.22981226230462093,0.2293814440024842,0.22889145747015197,0.2285402333158642,0.22831349449028865,0.22810770509421152,0.22793339887360212,0.22786810388569223,0.22794856330805313,0.22821334532893667,0.22866789868209336,0.22913658562507289,0.22957267578008062,0.2300187404732051,0.23023795824877144
87,0.2298148532320432,0.2298197162626886,0.22979032284105416,0.22976102400763107,0.22957399686466154,0.22937142608746008,0.2291948608572611,0.2290249759355948,0.22888899895652032,0.22879505297584724,0.2287216603892086,0.22864691718059554,0.22855334368038477,0.22847924942761888,0.22854361534075257,0.22873430826161273,0.22894636845506952,0.22924680070612174,0.22949126509171236,0.2296402663007643
88,0.22897308866479144,0.2290932867920228,0.22909714750261187,0.22921073469464853,0.2292032352106192,0.22914286510132542,0.22923893179301674,0.22939675495723832,0.22945492032055786,0.22943657642432963,0.22942390321425224,0.22938089709559573,0.22921455587233253,0.22897425542638752,0.2287761915869672,0.22861574554471636,0.22856184506294852,0.22866269649713047,0.22871831074716503,0.22889087598063573
89,0.22803109646773229,0.22829078839685274,0.2284765004915064,0.22870769529175353,0.22896975518127435,0.2291957488091464,0.22954002916075356,0.22993342287369742,0.23016717778762497,0.2302261141548121,0.2302085543222205,0.23009106618251418,0.22980489499553422,0.2293904750790549,0.22888519527858125,0.22836598921359452,0.22803019155423088,0.22784885410415098,0.2277841476195726,0.22794691715937404
90,0.22704069401478744,0.227414538399075,0.2278871196759818,0.22830068776714785,0.22887723960960074,0.2294932912604969,0.2300621548340268,0.23057992620228374,0.23095374281485812,0.23110990811741566,0.2310416516491469,0.23075879892941623,0.2303048988929658,0.22968354392286003,0.2288738741670674,0.2280469253683156,0.227397181087176,0.2269108209424949,0.22676096299717644,0.22682444910637647
91,0.2260160682062396,0.2265150564300799,0.2272753334849945,0.22802595740550152,0.2289247631421527,0.2299132391690463,0.23070684552796245,0.2313015433961995,0.23176479775512396,0.23199483735120638,0.23185339774271554,0.23138367643539592,0.23071474821712082,0.2298402343876339,0.22877348659958882,0.22769978901267693,0.22672671624878443,0.22598593374039275,0.22569599861143963,0.22563778252910047
92,0.22497375263637054,0.22565655946942295,0.2266517365194081,0.22784785709108119,0.22907020873550732,0.23032078032359565,0.23134252920013665,0.23205109241360178,0.23255678171778815,0.23278120274927946,0.2325661853058867,0.23195072019346064,0.23104446403826823,0.22989930889010324,0.22862946270106038,0.2273489727300471,0.22610600637975892,0.22517940642883727,0.22465997247104746,0.2245410010333791
93,0.22399808945141106,0.22488528845937444,0.22608853563247627,0.227669297249409,0.22921053405373493,0.2306220562641537,0.2318483726609777,0.23273686622419978,0.23325958447965706,0.23340127517327644,0.23312348701791488,0.2324159558785393,0.23130574401380516,0.22993315384364588,0.22849478475255397,0.22702797699934357,0.2256219028448223,0.2245412684561955,0.2237827834399579,0.22363883976727597
94,0.22323901706177718,0.22423841352764745,0.22563733409199238,0.22740708188188266,0.22920722705797164,0.23076034982162724,0.23214431390438464,0.2332203557185507,0.23377082452433262,0.23382671093099028,0.23349453068987946,0.2327303772868642,0.2315062497239815,0.23000679129937662,0.22842343867880538,0.22680313214267322,0.22533068044303223,0.22410304036383438,0.22320622229665882,0.22297750085114482
95,0.22282721156568125,0.22376931620968135,0.22527493996561032,0.22703986580543611,0.22895606890314002,0.23068005916369078,0.23217831110239678,0.23336319569921232,0.23398224950673208,0.2340365554152256,0.2336668500782388,0.23287173697632765,0.23165137925301682,0.23014542263730114,0.22846328046036016,0.2267632294951838,0.22525849933400643,0.2239220243245035,0.2230013998813166,0.22260979215502744
